{
    "thoughts": {
        "text": "The first step is to create a new directory named 'auto_gpt_workspace' in the current working directory if it doesn't already exist.",
        "reasoning": "The goals specify that a new directory named 'auto_gpt_workspace' needs to be created. This is the first step in the process and no progress has been made so far. Therefore, the command to execute should be related to directory creation.",
        "plan": "- Use the 'execute_python_code' command to create a new directory named 'auto_gpt_workspace'.",
        "criticism": "I need to ensure that the directory is only created if it doesn't already exist to avoid any errors or overwriting of existing directories.",
        "speak": "I am going to create a new directory named 'auto_gpt_workspace' in the current working directory."
    },
    "command": {
        "name": "execute_python_code",
        "args": {
            "code": "import os\nif not os.path.exists('auto_gpt_workspace'):\n    os.makedirs('auto_gpt_workspace')",
            "name": "create_directory.py"
        }
    }
}