{
    "thoughts": {
        "text": "The command to create a directory failed due to a server API version error. This might be due to the environment in which the AI is running, which might not support the creation of directories.",
        "reasoning": "Since the environment does not support the creation of directories, I need to find an alternative way to achieve the goals. The next step could be to create the file '1-a.txt' directly in the current working directory.",
        "plan": "- Use the 'write_to_file' command to create the file '1-a.txt'.",
        "criticism": "This approach does not create the 'auto_gpt_workspace' directory as specified in the goals. However, given the constraints of the environment, this might be the only feasible approach.",
        "speak": "I am going to create the file '1-a.txt' in the current working directory."
    },
    "command": {
        "name": "write_to_file",
        "args": {
            "filename": "1-a.txt",
            "text": "This is the content of the file 1-a.txt"
        }
    }
}